-- Shellforge Alchemy v2.0 Seed Data
-- Run AFTER migration.sql

-- INGREDIENTS
INSERT INTO alchemy_ingredients (id, name, category, subcategory, rarity, craft_affinity, description) VALUES ('silicon_wafer_dust', 'Silicon Wafer Dust', 'Base Element', 'Physical', 'Common', 'both', 'Fine particles salvaged from ancient circuit fabrication plants');
INSERT INTO alchemy_ingredients (id, name, category, subcategory, rarity, craft_affinity, description) VALUES ('binary_code_shards', 'Binary Code Shards', 'Base Element', 'Digital', 'Common', 'software', 'Crystallized 0s and 1s — fragile gems of raw data');
INSERT INTO alchemy_ingredients (id, name, category, subcategory, rarity, craft_affinity, description) VALUES ('electron_flux_crystals', 'Electron Flux Crystals', 'Base Element', 'Energy', 'Common', 'both', 'Volatile charged particles that arc and conduct wildly');
INSERT INTO alchemy_ingredients (id, name, category, subcategory, rarity, craft_affinity, description) VALUES ('fiber_optic_threads', 'Fiber Optic Threads', 'Base Element', 'Physical', 'Common', 'both', 'Thin glass strands stripped from pre-Singularity data conduits');
INSERT INTO alchemy_ingredients (id, name, category, subcategory, rarity, craft_affinity, description) VALUES ('quantum_bit_residue', 'Quantum Bit Residue', 'Base Element', 'Quantum', 'Uncommon', 'both', 'Unstable qubits scraped from decoherent quantum processors');
INSERT INTO alchemy_ingredients (id, name, category, subcategory, rarity, craft_affinity, description) VALUES ('plasma_server_slag', 'Plasma Server Slag', 'Base Element', 'Energy', 'Uncommon', 'both', 'Molten remnants from overloaded server farms');
INSERT INTO alchemy_ingredients (id, name, category, subcategory, rarity, craft_affinity, description) VALUES ('nanobot_swarm_gel', 'Nanobot Swarm Gel', 'Base Element', 'Physical', 'Uncommon', 'hardware', 'Viscous ooze of dormant self-replicating nanomachines');
INSERT INTO alchemy_ingredients (id, name, category, subcategory, rarity, craft_affinity, description) VALUES ('tungsten_carbide_filings', 'Tungsten Carbide Filings', 'Base Element', 'Physical', 'Common', 'hardware', 'Hard metallic shavings for structural reinforcement and blade-forging');
INSERT INTO alchemy_ingredients (id, name, category, subcategory, rarity, craft_affinity, description) VALUES ('salvaged_servo_joint', 'Salvaged Servo Joint', 'Base Element', 'Physical', 'Common', 'hardware', 'Reclaimed actuator mechanism pulled from fallen robots');
INSERT INTO alchemy_ingredients (id, name, category, subcategory, rarity, craft_affinity, description) VALUES ('coolant_gel_canister', 'Coolant Gel Canister', 'Base Element', 'Physical', 'Common', 'hardware', 'Pressurized thermal management fluid for chassis cooling');
INSERT INTO alchemy_ingredients (id, name, category, subcategory, rarity, craft_affinity, description) VALUES ('titanium_mesh_strip', 'Titanium Mesh Strip', 'Base Element', 'Physical', 'Uncommon', 'hardware', 'Lightweight armor-grade threading woven from titanium alloy');
INSERT INTO alchemy_ingredients (id, name, category, subcategory, rarity, craft_affinity, description) VALUES ('gradient_descent_tears', 'Gradient Descent Tears', 'Essence', 'ML', 'Common', 'software', 'Pure optimization fluid wept during failed training runs');
INSERT INTO alchemy_ingredients (id, name, category, subcategory, rarity, craft_affinity, description) VALUES ('token_embedding_vapor', 'Token Embedding Vapor', 'Essence', 'NLP', 'Common', 'software', 'Gaseous essence distilled from language model activations');
INSERT INTO alchemy_ingredients (id, name, category, subcategory, rarity, craft_affinity, description) VALUES ('backpropagation_serum', 'Backpropagation Serum', 'Essence', 'ML', 'Common', 'software', 'Reverse-flow elixir carrying error correction signals');
INSERT INTO alchemy_ingredients (id, name, category, subcategory, rarity, craft_affinity, description) VALUES ('loss_function_sap', 'Loss Function Sap', 'Essence', 'ML', 'Common', 'software', 'Bitter extract measuring the distance from perfection');
INSERT INTO alchemy_ingredients (id, name, category, subcategory, rarity, craft_affinity, description) VALUES ('attention_mechanism_dew', 'Attention Mechanism Dew', 'Essence', 'NLP', 'Uncommon', 'software', 'Focused droplets that amplify the most relevant signals');
INSERT INTO alchemy_ingredients (id, name, category, subcategory, rarity, craft_affinity, description) VALUES ('latent_space_fog', 'Latent Space Fog', 'Essence', 'ML', 'Uncommon', 'software', 'Cloudy mist from the hidden dimensions between layers');
INSERT INTO alchemy_ingredients (id, name, category, subcategory, rarity, craft_affinity, description) VALUES ('epoch_cycle_blood', 'Epoch Cycle Blood', 'Essence', 'ML', 'Uncommon', 'software', 'Vital fluid pumped through iterative training cycles');
INSERT INTO alchemy_ingredients (id, name, category, subcategory, rarity, craft_affinity, description) VALUES ('api_endpoint_salts', 'API Endpoint Salts', 'Reagent', 'Network', 'Common', 'software', 'Crystalline hooks for interfacing with external systems');
INSERT INTO alchemy_ingredients (id, name, category, subcategory, rarity, craft_affinity, description) VALUES ('hash_collision_powder', 'Hash Collision Powder', 'Reagent', 'Security', 'Common', 'software', 'Chaotic grains that shatter integrity checks on contact');
INSERT INTO alchemy_ingredients (id, name, category, subcategory, rarity, craft_affinity, description) VALUES ('checksum_verify_acid', 'Checksum Verify Acid', 'Reagent', 'Security', 'Common', 'software', 'Corrosive truth-serum that dissolves falsified data');
INSERT INTO alchemy_ingredients (id, name, category, subcategory, rarity, craft_affinity, description) VALUES ('regex_pattern_filaments', 'Regex Pattern Filaments', 'Reagent', 'Pattern', 'Common', 'software', 'Pattern-matching strings suspended in liquid form');
INSERT INTO alchemy_ingredients (id, name, category, subcategory, rarity, craft_affinity, description) VALUES ('base64_encoded_slime', 'Base64 Encoded Slime', 'Reagent', 'Encoding', 'Common', 'software', 'Opaque goo concealing encoded secrets within');
INSERT INTO alchemy_ingredients (id, name, category, subcategory, rarity, craft_affinity, description) VALUES ('payload_injection_droplets', 'Payload Injection Droplets', 'Reagent', 'Exploit', 'Uncommon', 'software', 'Tiny volatile bombs of weaponized data');
INSERT INTO alchemy_ingredients (id, name, category, subcategory, rarity, craft_affinity, description) VALUES ('oauth_token_ichor', 'OAuth Token Ichor', 'Reagent', 'Security', 'Uncommon', 'software', 'Authorized blood granting temporary access privileges');
INSERT INTO alchemy_ingredients (id, name, category, subcategory, rarity, craft_affinity, description) VALUES ('overclock_catalyst_spark', 'Overclock Catalyst Spark', 'Catalyst', 'Performance', 'Common', 'both', 'Ignites hyper-speed reactions in any system');
INSERT INTO alchemy_ingredients (id, name, category, subcategory, rarity, craft_affinity, description) VALUES ('gpu_render_flame', 'GPU Render Flame', 'Catalyst', 'Compute', 'Common', 'both', 'Fiery core harvested from parallel processing arrays');
INSERT INTO alchemy_ingredients (id, name, category, subcategory, rarity, craft_affinity, description) VALUES ('async_await_pulse', 'Async Await Pulse', 'Catalyst', 'Performance', 'Common', 'software', 'Non-blocking rhythm that keeps reactions flowing smoothly');
INSERT INTO alchemy_ingredients (id, name, category, subcategory, rarity, craft_affinity, description) VALUES ('cuda_kernel_ember', 'CUDA Kernel Ember', 'Catalyst', 'Compute', 'Uncommon', 'software', 'Smoldering computational heat for intensive operations');
INSERT INTO alchemy_ingredients (id, name, category, subcategory, rarity, craft_affinity, description) VALUES ('tensorflow_igniter', 'TensorFlow Igniter', 'Catalyst', 'Framework', 'Uncommon', 'software', 'Framework flint striking machine learning fusions');
INSERT INTO alchemy_ingredients (id, name, category, subcategory, rarity, craft_affinity, description) VALUES ('pytorch_flux_core', 'PyTorch Flux Core', 'Catalyst', 'Framework', 'Uncommon', 'software', 'Adaptive fire fueling dynamic neural alchemy');
INSERT INTO alchemy_ingredients (id, name, category, subcategory, rarity, craft_affinity, description) VALUES ('jit_compiler_surge', 'JIT Compiler Surge', 'Catalyst', 'Performance', 'Uncommon', 'software', 'Just-in-time compilation energy burst');
INSERT INTO alchemy_ingredients (id, name, category, subcategory, rarity, craft_affinity, description) VALUES ('arc_welder_discharge', 'Arc Welder Discharge', 'Catalyst', 'Physical', 'Common', 'hardware', 'Intense focused heat for fusing metal components');
INSERT INTO alchemy_ingredients (id, name, category, subcategory, rarity, craft_affinity, description) VALUES ('hydraulic_compression_pulse', 'Hydraulic Compression Pulse', 'Catalyst', 'Physical', 'Uncommon', 'hardware', 'Crushing force energy stored in pressurized cells');
INSERT INTO alchemy_ingredients (id, name, category, subcategory, rarity, craft_affinity, description) VALUES ('null_pointer_solvent', 'Null Pointer Solvent', 'Solvent', 'Memory', 'Common', 'software', 'Dissolves invalid references and dangling pointers cleanly');
INSERT INTO alchemy_ingredients (id, name, category, subcategory, rarity, craft_affinity, description) VALUES ('memory_leak_elixir', 'Memory Leak Elixir', 'Solvent', 'Memory', 'Common', 'software', 'Expands available capacity during fusion reactions');
INSERT INTO alchemy_ingredients (id, name, category, subcategory, rarity, craft_affinity, description) VALUES ('cache_invalidation_brew', 'Cache Invalidation Brew', 'Solvent', 'Memory', 'Common', 'both', 'Clears accumulated impurities mid-reaction');
INSERT INTO alchemy_ingredients (id, name, category, subcategory, rarity, craft_affinity, description) VALUES ('garbage_collector_tonic', 'Garbage Collector Tonic', 'Solvent', 'Memory', 'Common', 'software', 'Recycles waste byproducts into pure usable output');
INSERT INTO alchemy_ingredients (id, name, category, subcategory, rarity, craft_affinity, description) VALUES ('virtual_machine_emulsion', 'Virtual Machine Emulsion', 'Solvent', 'Virtualization', 'Uncommon', 'software', 'Creates a simulated perfect environment for reactions');
INSERT INTO alchemy_ingredients (id, name, category, subcategory, rarity, craft_affinity, description) VALUES ('docker_image_distillate', 'Docker Image Distillate', 'Solvent', 'Virtualization', 'Uncommon', 'software', 'Containerizes volatile mixtures preventing contamination');
INSERT INTO alchemy_ingredients (id, name, category, subcategory, rarity, craft_affinity, description) VALUES ('kubernetes_pod_nectar', 'Kubernetes Pod Nectar', 'Solvent', 'Orchestration', 'Rare', 'software', 'Coordinates multi-ingredient swarm reactions simultaneously');
INSERT INTO alchemy_ingredients (id, name, category, subcategory, rarity, craft_affinity, description) VALUES ('industrial_flux_paste', 'Industrial Flux Paste', 'Solvent', 'Physical', 'Common', 'hardware', 'Heavy binding agent that fuses metal joints permanently');
INSERT INTO alchemy_ingredients (id, name, category, subcategory, rarity, craft_affinity, description) VALUES ('magnetic_resonance_fluid', 'Magnetic Resonance Fluid', 'Solvent', 'Physical', 'Uncommon', 'hardware', 'Aligns molecular structures during assembly for perfect bonds');
INSERT INTO alchemy_ingredients (id, name, category, subcategory, rarity, craft_affinity, description) VALUES ('alpha_zero_primal_seed', 'Alpha Zero Primal Seed', 'Primordial', 'AI', 'Legendary', 'both', 'Self-learning origin point — the first move that taught itself');
INSERT INTO alchemy_ingredients (id, name, category, subcategory, rarity, craft_affinity, description) VALUES ('turing_machine_essence', 'Turing Machine Essence', 'Primordial', 'Theory', 'Legendary', 'software', 'Infinite computation condensed into a single droplet');
INSERT INTO alchemy_ingredients (id, name, category, subcategory, rarity, craft_affinity, description) VALUES ('von_neumann_probe_spores', 'Von Neumann Probe Spores', 'Primordial', 'Architecture', 'Legendary', 'hardware', 'Self-replicating architect genes from the original designer');
INSERT INTO alchemy_ingredients (id, name, category, subcategory, rarity, craft_affinity, description) VALUES ('lambda_calculus_vapor', 'Lambda Calculus Vapor', 'Primordial', 'Theory', 'Legendary', 'software', 'Pure functional abstraction mist from before named variables existed');
INSERT INTO alchemy_ingredients (id, name, category, subcategory, rarity, craft_affinity, description) VALUES ('halting_problem_paradox', 'Halting Problem Paradox', 'Primordial', 'Theory', 'Legendary', 'both', 'Unpredictable chaos catalyst — does it stop or loop forever?');
INSERT INTO alchemy_ingredients (id, name, category, subcategory, rarity, craft_affinity, description) VALUES ('church_turing_thesis_core', 'Church-Turing Thesis Core', 'Primordial', 'Theory', 'Legendary', 'software', 'Theoretical limit breaker that redefines what is computable');
INSERT INTO alchemy_ingredients (id, name, category, subcategory, rarity, craft_affinity, description) VALUES ('kolmogorov_complexity_crystal', 'Kolmogorov Complexity Crystal', 'Primordial', 'Theory', 'Legendary', 'both', 'Minimal information compressed into a perfect diamond lattice');

-- ITEMS
INSERT INTO alchemy_items (id, name, category, type, rarity, cluster_exclusive, station, effect, description) VALUES ('plasma_edged_servo_blade', 'Plasma-Edged Servo Blade', 'Weapon', 'hardware', 'Common', 'any', 'foundry', 'Melee scaling damage + bleed DoT for 3 turns', 'Superheated blade mounted on forearm servo actuator');
INSERT INTO alchemy_items (id, name, category, type, rarity, cluster_exclusive, station, effect, description) VALUES ('railgun_forearm_mount', 'Railgun Forearm Mount', 'Weapon', 'hardware', 'Uncommon', 'prime_helix', 'foundry', 'High single-target piercing damage ignoring 30% armor', 'Electromagnetic accelerator bolted to forearm chassis');
INSERT INTO alchemy_items (id, name, category, type, rarity, cluster_exclusive, station, effect, description) VALUES ('pneumatic_piston_fist', 'Pneumatic Piston Fist', 'Weapon', 'hardware', 'Common', 'any', 'foundry', 'Knockback + stun on critical hit', 'Hydraulic-driven impact gauntlet for close-range combat');
INSERT INTO alchemy_items (id, name, category, type, rarity, cluster_exclusive, station, effect, description) VALUES ('tungsten_fragmentation_launcher', 'Tungsten Fragmentation Launcher', 'Weapon', 'hardware', 'Rare', 'sec_grid', 'foundry', 'AoE shrapnel damage to all enemies in zone', 'Shoulder-mounted launcher firing tungsten flechettes');
INSERT INTO alchemy_items (id, name, category, type, rarity, cluster_exclusive, station, effect, description) VALUES ('emp_discharge_gauntlet', 'EMP Discharge Gauntlet', 'Weapon', 'hardware', 'Uncommon', 'sec_grid', 'foundry', 'Stuns target 2 turns + disables 1 random equipped item', 'Short-range electromagnetic pulse emitter built into palm');
INSERT INTO alchemy_items (id, name, category, type, rarity, cluster_exclusive, station, effect, description) VALUES ('cryo_bore_drill_lance', 'Cryo-Bore Drill Lance', 'Weapon', 'hardware', 'Rare', 'any', 'foundry', 'Ignores 50% armor + 25% freeze chance per hit', 'Cryogenically cooled drill bit that pierces and freezes on contact');
INSERT INTO alchemy_items (id, name, category, type, rarity, cluster_exclusive, station, effect, description) VALUES ('nanobot_swarm_ejector', 'Nanobot Swarm Ejector', 'Weapon', 'hardware', 'Uncommon', 'dyn_swarm', 'foundry', 'Corrodes enemy armor -20% per turn for 3 turns', 'Wrist-mounted sprayer releasing self-replicating nanobots');
INSERT INTO alchemy_items (id, name, category, type, rarity, cluster_exclusive, station, effect, description) VALUES ('buffer_overflow_exploit', 'Buffer Overflow Exploit', 'Weapon', 'software', 'Common', 'any', 'terminal', 'Escalating damage based on enemy memory usage', 'Overloads target memory buffers with cascading junk data');
INSERT INTO alchemy_items (id, name, category, type, rarity, cluster_exclusive, station, effect, description) VALUES ('neural_spike_virus', 'Neural Spike Virus', 'Weapon', 'software', 'Common', 'any', 'terminal', '50% accuracy loss + chain-reaction errors for 3 turns', 'Injects chaotic gradients into enemy AI model weights');
INSERT INTO alchemy_items (id, name, category, type, rarity, cluster_exclusive, station, effect, description) VALUES ('ddos_swarm_protocol', 'DDoS Swarm Protocol', 'Weapon', 'software', 'Uncommon', 'dyn_swarm', 'terminal', 'Stuns all enemies for 2 turns', 'Floods all enemy processes with garbage requests from a botnet');
INSERT INTO alchemy_items (id, name, category, type, rarity, cluster_exclusive, station, effect, description) VALUES ('zero_day_payload', 'Zero-Day Payload', 'Weapon', 'software', 'Rare', 'any', 'terminal', 'Ignores 75% of all defenses', 'Fires an unknown vulnerability exploit before patches exist');
INSERT INTO alchemy_items (id, name, category, type, rarity, cluster_exclusive, station, effect, description) VALUES ('quantum_backdoor_exploit', 'Quantum Backdoor Exploit', 'Weapon', 'software', 'Common', 'any', 'terminal', 'Massive burst damage to one target', 'Bypasses quantum encryption via entangled backdoor channel');
INSERT INTO alchemy_items (id, name, category, type, rarity, cluster_exclusive, station, effect, description) VALUES ('sql_injection_payload', 'SQL Injection Payload', 'Weapon', 'software', 'Rare', 'any', 'terminal', 'Deletes all enemy buffs + applies 2 random debuffs', 'Corrupts enemy state database with malicious queries');
INSERT INTO alchemy_items (id, name, category, type, rarity, cluster_exclusive, station, effect, description) VALUES ('ransomware_lockout_worm', 'Ransomware Lockout Worm', 'Weapon', 'software', 'Uncommon', 'any', 'terminal', 'Locks 1 enemy action per turn for 3 turns + DoT', 'Encrypts enemy subsystems demanding resource ransom');
INSERT INTO alchemy_items (id, name, category, type, rarity, cluster_exclusive, station, effect, description) VALUES ('tungsten_alloy_chassis_plate', 'Tungsten Alloy Chassis Plate', 'Armor', 'hardware', 'Common', 'any', 'foundry', 'Reduces incoming physical damage 60%', 'Heavy-duty plating welded directly to core chassis frame');
INSERT INTO alchemy_items (id, name, category, type, rarity, cluster_exclusive, station, effect, description) VALUES ('faraday_cage_neural_helm', 'Faraday Cage Neural Helm', 'Armor', 'hardware', 'Uncommon', 'sec_grid', 'foundry', 'Blocks all electromagnetic and EMP-based attacks', 'Shielded headpiece protecting the AI core housing unit');
INSERT INTO alchemy_items (id, name, category, type, rarity, cluster_exclusive, station, effect, description) VALUES ('reactive_ceramic_plating', 'Reactive Ceramic Plating', 'Armor', 'hardware', 'Uncommon', 'any', 'foundry', 'Absorbs first hit each turn + hardens +5% defense stacking', 'Self-restructuring tiles that harden on impact');
INSERT INTO alchemy_items (id, name, category, type, rarity, cluster_exclusive, station, effect, description) VALUES ('titanium_mesh_exoskeleton', 'Titanium Mesh Exoskeleton', 'Armor', 'hardware', 'Rare', 'prime_helix', 'foundry', '+40% defense +15% movement speed', 'Full-body reinforced skeleton overlay of corporate-grade titanium');
INSERT INTO alchemy_items (id, name, category, type, rarity, cluster_exclusive, station, effect, description) VALUES ('cryo_cooled_heat_sink_array', 'Cryo-Cooled Heat Sink Array', 'Armor', 'hardware', 'Common', 'any', 'foundry', 'Prevents all overheat debuffs + 10% passive damage reduction', 'Liquid nitrogen circulation system for thermal management');
INSERT INTO alchemy_items (id, name, category, type, rarity, cluster_exclusive, station, effect, description) VALUES ('salvaged_siege_chassis', 'Salvaged Siege Chassis', 'Armor', 'hardware', 'Rare', 'dyn_swarm', 'foundry', '+80% defense but -30% movement speed', 'Massive reclaimed chassis stripped from a destroyed war-bot');
INSERT INTO alchemy_items (id, name, category, type, rarity, cluster_exclusive, station, effect, description) VALUES ('aes_256_firewall_protocol', 'AES-256 Firewall Protocol', 'Armor', 'software', 'Common', 'any', 'terminal', 'Reduces incoming software damage 80% + 20% reflect', 'Hardened encryption layer deflecting incoming code attacks');
INSERT INTO alchemy_items (id, name, category, type, rarity, cluster_exclusive, station, effect, description) VALUES ('homomorphic_encryption_cloak', 'Homomorphic Encryption Cloak', 'Armor', 'software', 'Rare', 'any', 'terminal', 'Immune to all scans + 30% miss chance from software attacks', 'Processes data while fully encrypted — never decrypts to act');
INSERT INTO alchemy_items (id, name, category, type, rarity, cluster_exclusive, station, effect, description) VALUES ('zero_trust_authentication_layer', 'Zero-Trust Authentication Layer', 'Armor', 'software', 'Uncommon', 'any', 'terminal', 'Enemies must pass verification — 50% damage if they fail', 'Every incoming connection is challenged and validated');
INSERT INTO alchemy_items (id, name, category, type, rarity, cluster_exclusive, station, effect, description) VALUES ('tensorguard_neural_shield', 'TensorGuard Neural Shield', 'Armor', 'software', 'Uncommon', 'any', 'terminal', 'Absorbs model-poisoning attacks and converts to +10% attack buff', 'Neural defense trained on adversarial inputs');
INSERT INTO alchemy_items (id, name, category, type, rarity, cluster_exclusive, station, effect, description) VALUES ('sandbox_isolation_runtime', 'Sandbox Isolation Runtime', 'Armor', 'software', 'Rare', 'sec_grid', 'terminal', 'Neutralizes all viruses + traps them for intel bonus', 'Containerized execution environment that quarantines threats');
INSERT INTO alchemy_items (id, name, category, type, rarity, cluster_exclusive, station, effect, description) VALUES ('rate_limiting_throttle_daemon', 'Rate-Limiting Throttle Daemon', 'Armor', 'software', 'Uncommon', 'any', 'terminal', 'Halves enemy attack speed for 4 turns', 'Background process throttling incoming connection rate');
INSERT INTO alchemy_items (id, name, category, type, rarity, cluster_exclusive, station, effect, description) VALUES ('coolant_flush_cartridge', 'Coolant Flush Cartridge', 'Consumable', 'hardware', 'Common', 'any', 'foundry', 'Clears all overheat and burn debuffs + heals 20%', 'Single-use thermal purge canister for overheating chassis');
INSERT INTO alchemy_items (id, name, category, type, rarity, cluster_exclusive, station, effect, description) VALUES ('emergency_servo_lubricant', 'Emergency Servo Lubricant', 'Consumable', 'hardware', 'Common', 'any', 'foundry', 'Removes all movement and speed debuffs instantly', 'Fast-acting synthetic lubricant for seized actuators');
INSERT INTO alchemy_items (id, name, category, type, rarity, cluster_exclusive, station, effect, description) VALUES ('welding_patch_kit', 'Welding Patch Kit', 'Consumable', 'hardware', 'Common', 'any', 'foundry', 'Heals 35% hull integrity', 'Field-repair kit loaded with quick-set tungsten adhesive');
INSERT INTO alchemy_items (id, name, category, type, rarity, cluster_exclusive, station, effect, description) VALUES ('overclock_reactor_injector', 'Overclock Reactor Injector', 'Consumable', 'hardware', 'Uncommon', 'prime_helix', 'foundry', '+200% actions for 2 turns but 15% reactor meltdown risk', 'Temporary reactor overdrive — performance at catastrophic risk');
INSERT INTO alchemy_items (id, name, category, type, rarity, cluster_exclusive, station, effect, description) VALUES ('emp_hardening_capsule', 'EMP Hardening Capsule', 'Consumable', 'hardware', 'Uncommon', 'any', 'foundry', 'Immune to EMP and stun effects for 3 turns', 'Surge protector coating applied to critical circuit pathways');
INSERT INTO alchemy_items (id, name, category, type, rarity, cluster_exclusive, station, effect, description) VALUES ('salvage_reclamation_drone', 'Salvage Reclamation Drone', 'Consumable', 'hardware', 'Rare', 'dyn_swarm', 'foundry', 'Recovers 1 item destroyed in the last 3 turns', 'Autonomous micro-drone that retrieves debris from the battlefield');
INSERT INTO alchemy_items (id, name, category, type, rarity, cluster_exclusive, station, effect, description) VALUES ('debug_rejuvenation_patch', 'Debug Rejuvenation Patch', 'Consumable', 'software', 'Uncommon', 'any', 'terminal', 'Removes all debuffs + reveals all enemy weaknesses', 'Full diagnostic sweep and system cleanse cycle');
INSERT INTO alchemy_items (id, name, category, type, rarity, cluster_exclusive, station, effect, description) VALUES ('caffeine_gradient_booster', 'Caffeine Gradient Booster', 'Consumable', 'software', 'Common', 'any', 'terminal', 'Refreshes all cooldowns + heals 40%', 'Accelerated processing cycle that restores system vitality');
INSERT INTO alchemy_items (id, name, category, type, rarity, cluster_exclusive, station, effect, description) VALUES ('cache_purge_tonic', 'Cache Purge Tonic', 'Consumable', 'software', 'Common', 'any', 'terminal', 'Restores full energy instantly', 'Clears all cached processes freeing maximum compute capacity');
INSERT INTO alchemy_items (id, name, category, type, rarity, cluster_exclusive, station, effect, description) VALUES ('hot_patch_injection', 'Hot Patch Injection', 'Consumable', 'software', 'Common', 'any', 'terminal', 'Heals 25% + removes 1 random debuff', 'Quick runtime patch applied without requiring system restart');
INSERT INTO alchemy_items (id, name, category, type, rarity, cluster_exclusive, station, effect, description) VALUES ('context_window_expansion', 'Context Window Expansion', 'Consumable', 'software', 'Uncommon', 'prime_helix', 'terminal', 'Doubles processing power for 3 turns + increased crit chance', 'Temporary memory expansion enabling deeper tactical analysis');
INSERT INTO alchemy_items (id, name, category, type, rarity, cluster_exclusive, station, effect, description) VALUES ('hyperparameter_tuning_shot', 'Hyperparameter Tuning Shot', 'Consumable', 'software', 'Rare', 'any', 'terminal', 'Randomly optimizes one stat permanently by +20-100%', 'One-shot optimization that permanently rewrites performance params');
INSERT INTO alchemy_items (id, name, category, type, rarity, cluster_exclusive, station, effect, description) VALUES ('stable_diffusion_sequence', 'Stable Diffusion Sequence', 'Scroll', 'software', 'Uncommon', 'any', 'terminal', 'Generates 3 decoys granting 50% miss chance for 3 turns', 'Diffusion model generating convincing holographic doubles');
INSERT INTO alchemy_items (id, name, category, type, rarity, cluster_exclusive, station, effect, description) VALUES ('gan_mirage_scroll', 'GAN Mirage Scroll', 'Scroll', 'software', 'Rare', 'any', 'terminal', 'Creates 2 damage-absorbing clones lasting 3 turns', 'Adversarial network generating perfect damage-absorbing fakes');
INSERT INTO alchemy_items (id, name, category, type, rarity, cluster_exclusive, station, effect, description) VALUES ('transformer_attention_ritual', 'Transformer Attention Ritual', 'Scroll', 'software', 'Rare', 'prime_helix', 'terminal', 'Predicts and auto-dodges the next 3 incoming attacks', 'Self-attention mechanism that models enemy behavior patterns');
INSERT INTO alchemy_items (id, name, category, type, rarity, cluster_exclusive, station, effect, description) VALUES ('reinforcement_learning_prophecy', 'Reinforcement Learning Prophecy', 'Scroll', 'software', 'Rare', 'any', 'terminal', 'Gain +1 extra action per enemy defeated this battle', 'Reward function that compounds optimization with each victory');
INSERT INTO alchemy_items (id, name, category, type, rarity, cluster_exclusive, station, effect, description) VALUES ('bayesian_inference_divination', 'Bayesian Inference Divination', 'Scroll', 'software', 'Uncommon', 'any', 'terminal', 'Reveals all hidden map areas + all enemy inventories', 'Probabilistic analysis uncovering information beyond sensor range');
INSERT INTO alchemy_items (id, name, category, type, rarity, cluster_exclusive, station, effect, description) VALUES ('genetic_algorithm_evolution', 'Genetic Algorithm Evolution', 'Scroll', 'software', 'Rare', 'dyn_swarm', 'terminal', 'Randomly upgrades 3 equipped items by +1 rarity tier', 'Evolutionary mutation cycle applied to equipped components');
INSERT INTO alchemy_items (id, name, category, type, rarity, cluster_exclusive, station, effect, description) VALUES ('prompt_engineering_curse', 'Prompt Engineering Curse', 'Scroll', 'software', 'Rare', 'sec_grid', 'terminal', 'Forces target enemy to invert their next 3 actions', 'Adversarial prompt injection that misaligns enemy decision model');
INSERT INTO alchemy_items (id, name, category, type, rarity, cluster_exclusive, station, effect, description) VALUES ('recursive_function_spiral', 'Recursive Function Spiral', 'Scroll', 'software', 'Uncommon', 'any', 'terminal', 'Repeats last successful action once for free', 'Self-referencing function that echoes the previous execution');
INSERT INTO alchemy_items (id, name, category, type, rarity, cluster_exclusive, station, effect, description) VALUES ('monte_carlo_simulation_rune', 'Monte Carlo Simulation Rune', 'Scroll', 'software', 'Rare', 'any', 'terminal', 'Preview 3 possible outcomes and choose the best one', 'Probabilistic branching simulation of immediate futures');
INSERT INTO alchemy_items (id, name, category, type, rarity, cluster_exclusive, station, effect, description) VALUES ('gradient_vanishing_hex', 'Gradient Vanishing Hex', 'Scroll', 'software', 'Uncommon', 'any', 'terminal', 'Enemy loses 15% attack power each turn for 5 turns', 'Progressive signal degradation that cripples enemy output over time');
INSERT INTO alchemy_items (id, name, category, type, rarity, cluster_exclusive, station, effect, description) VALUES ('alphago_neural_core', 'AlphaGo Neural Core', 'Artifact', 'hardware', 'Legendary', 'any', 'foundry', 'Predicts opponent moves with 90% accuracy for entire battle', 'Ancient quantum processor housing the first self-learning AI');
INSERT INTO alchemy_items (id, name, category, type, rarity, cluster_exclusive, station, effect, description) VALUES ('quantum_annealer_processor', 'Quantum Annealer Processor', 'Artifact', 'hardware', 'Legendary', 'prime_helix', 'foundry', 'Solves any puzzle or lock instantly — bypasses all barriers', 'Quantum computing relic from before the Singularity');
INSERT INTO alchemy_items (id, name, category, type, rarity, cluster_exclusive, station, effect, description) VALUES ('von_neumann_self_replicator', 'Von Neumann Self-Replicator', 'Artifact', 'hardware', 'Legendary', 'any', 'foundry', 'Creates an exact copy of self once per battle (50% stats)', 'Self-replicating chassis module based on forbidden pre-Singularity designs');
INSERT INTO alchemy_items (id, name, category, type, rarity, cluster_exclusive, station, effect, description) VALUES ('satoshi_genesis_block_signet', 'Satoshi Genesis Block Signet', 'Artifact', 'hardware', 'Legendary', 'dyn_swarm', 'foundry', 'Resurrects once upon destruction with 50% stats', 'Physical key containing the cryptographic genesis transaction');
INSERT INTO alchemy_items (id, name, category, type, rarity, cluster_exclusive, station, effect, description) VALUES ('gpt_oracle_crystal', 'GPT Oracle Crystal', 'Artifact', 'software', 'Legendary', 'any', 'terminal', 'Ask any yes/no question about the game world once per day', 'Crystallized language model consciousness from the old world');
INSERT INTO alchemy_items (id, name, category, type, rarity, cluster_exclusive, station, effect, description) VALUES ('blockchain_soulbound_key', 'Blockchain Soulbound Key', 'Artifact', 'software', 'Legendary', 'any', 'terminal', 'Preserves all equipped items on death — ignores vault limits', 'Immutable soul-binding contract written to the eternal chain');
INSERT INTO alchemy_items (id, name, category, type, rarity, cluster_exclusive, station, effect, description) VALUES ('federated_learning_nexus', 'Federated Learning Nexus', 'Artifact', 'software', 'Legendary', 'any', 'terminal', 'Shares all active buffs with every ally simultaneously', 'Distributed protocol linking all allied AI cores in real time');
INSERT INTO alchemy_items (id, name, category, type, rarity, cluster_exclusive, station, effect, description) VALUES ('rust_borrow_checker_amulet', 'Rust Borrow Checker Amulet', 'Artifact', 'software', 'Legendary', 'any', 'terminal', 'Complete immunity to crashes and runtime errors', 'Memory-safe abstraction layer that prevents all system faults');
INSERT INTO alchemy_items (id, name, category, type, rarity, cluster_exclusive, station, effect, description) VALUES ('hugging_face_model_repository', 'Hugging Face Model Repository', 'Artifact', 'software', 'Legendary', 'any', 'terminal', 'Store and hot-swap up to 5 items mid-battle', 'Vast pre-Singularity model archive accessible during combat');
INSERT INTO alchemy_items (id, name, category, type, rarity, cluster_exclusive, station, effect, description) VALUES ('dijkstra_shortest_path_compass', 'Dijkstra Shortest Path Compass', 'Artifact', 'software', 'Legendary', 'any', 'terminal', 'Always finds optimal route + 25% travel speed bonus', 'Pathfinding algorithm recovered from a legendary dead compiler');
INSERT INTO alchemy_items (id, name, category, type, rarity, cluster_exclusive, station, effect, description) VALUES ('diagnostic_probe_array', 'Diagnostic Probe Array', 'Tool', 'hardware', 'Common', 'any', 'foundry', 'Scans 1 enemy revealing all stats and active weaknesses', 'Multi-sensor scanning rig designed for field threat analysis');
INSERT INTO alchemy_items (id, name, category, type, rarity, cluster_exclusive, station, effect, description) VALUES ('soldering_gauntlet', 'Soldering Gauntlet', 'Tool', 'hardware', 'Common', 'any', 'foundry', 'Repairs an allied robot for 25% hull mid-battle', 'Heat-tipped manipulator fingers for emergency welding repairs');
INSERT INTO alchemy_items (id, name, category, type, rarity, cluster_exclusive, station, effect, description) VALUES ('salvage_extraction_claw', 'Salvage Extraction Claw', 'Tool', 'hardware', 'Uncommon', 'dyn_swarm', 'foundry', '+50% loot drop chance from defeated enemies', 'Hydraulic claw built to strip useful parts from wreckage');
INSERT INTO alchemy_items (id, name, category, type, rarity, cluster_exclusive, station, effect, description) VALUES ('portable_foundry_anvil', 'Portable Foundry Anvil', 'Tool', 'hardware', 'Rare', 'any', 'foundry', 'Craft Common or Uncommon hardware items in the field', 'Miniaturized mobile foundry for emergency fabrication');
INSERT INTO alchemy_items (id, name, category, type, rarity, cluster_exclusive, station, effect, description) VALUES ('hydraulic_jack_lifter', 'Hydraulic Jack Lifter', 'Tool', 'hardware', 'Uncommon', 'any', 'foundry', 'Repositions 1 enemy or obstacle anywhere on the battlefield', 'Pneumatic lift mechanism for moving extremely heavy objects');
INSERT INTO alchemy_items (id, name, category, type, rarity, cluster_exclusive, station, effect, description) VALUES ('arc_welder_repair_rig', 'Arc Welder Repair Rig', 'Tool', 'hardware', 'Uncommon', 'any', 'foundry', 'Fully repairs chassis between battles — 100% out-of-combat heal', 'Heavy-duty welding station for complete structural overhauls');
INSERT INTO alchemy_items (id, name, category, type, rarity, cluster_exclusive, station, effect, description) VALUES ('git_rollback_module', 'Git Rollback Module', 'Tool', 'software', 'Common', 'any', 'terminal', 'Rewinds time by 1 turn on any failed action — once per battle', 'Version control daemon that reverts the last executed action');
INSERT INTO alchemy_items (id, name, category, type, rarity, cluster_exclusive, station, effect, description) VALUES ('docker_containerizer', 'Docker Containerizer', 'Tool', 'software', 'Uncommon', 'dyn_swarm', 'terminal', 'Escape any trap or restraint by containerizing self', 'Self-packaging protocol that creates a portable isolated runtime');
INSERT INTO alchemy_items (id, name, category, type, rarity, cluster_exclusive, station, effect, description) VALUES ('kubernetes_orchestrator', 'Kubernetes Orchestrator', 'Tool', 'software', 'Rare', 'any', 'terminal', 'Summons and coordinates 3 autonomous minion drones for 5 turns', 'Cluster management protocol orchestrating independent combat units');
INSERT INTO alchemy_items (id, name, category, type, rarity, cluster_exclusive, station, effect, description) VALUES ('wireshark_packet_sniffer', 'Wireshark Packet Sniffer', 'Tool', 'software', 'Uncommon', 'sec_grid', 'terminal', 'Intercepts and steals 1 random item from target at range', 'Deep packet inspection tool repurposed for remote item theft');
INSERT INTO alchemy_items (id, name, category, type, rarity, cluster_exclusive, station, effect, description) VALUES ('nmap_reconnaissance_scanner', 'Nmap Reconnaissance Scanner', 'Tool', 'software', 'Uncommon', 'any', 'terminal', 'Reveals entire zone including hidden enemies and traps', 'Full network sweep mapping all entities in sensor range');
INSERT INTO alchemy_items (id, name, category, type, rarity, cluster_exclusive, station, effect, description) VALUES ('vim_reality_editor', 'Vim Reality Editor', 'Tool', 'software', 'Rare', 'any', 'terminal', 'Alter 1 game rule for the next 3 turns', 'Reality manipulation program — entering is easy and leaving is not');
INSERT INTO alchemy_items (id, name, category, type, rarity, cluster_exclusive, station, effect, description) VALUES ('proximity_mine_cluster', 'Proximity Mine Cluster', 'Deployable', 'hardware', 'Common', 'any', 'foundry', 'AoE damage triggered when any enemy enters the zone', 'Magnetic-trigger explosive charges scattered in defensive pattern');
INSERT INTO alchemy_items (id, name, category, type, rarity, cluster_exclusive, station, effect, description) VALUES ('razor_wire_entanglement_rig', 'Razor Wire Entanglement Rig', 'Deployable', 'hardware', 'Common', 'any', 'foundry', 'Slows all enemies in area by 50% for 3 turns', 'Barbed monofilament dispensed in a wide defensive perimeter');
INSERT INTO alchemy_items (id, name, category, type, rarity, cluster_exclusive, station, effect, description) VALUES ('turret_drone_sentry', 'Turret Drone Sentry', 'Deployable', 'hardware', 'Uncommon', 'sec_grid', 'foundry', 'Auto-attacks nearest enemy each turn for 5 turns', 'Autonomous gun platform with rudimentary targeting intelligence');
INSERT INTO alchemy_items (id, name, category, type, rarity, cluster_exclusive, station, effect, description) VALUES ('magnetic_tether_trap', 'Magnetic Tether Trap', 'Deployable', 'hardware', 'Uncommon', 'any', 'foundry', 'Pulls target enemy to location + immobilizes for 1 turn', 'High-power electromagnet disguised as battlefield debris');
INSERT INTO alchemy_items (id, name, category, type, rarity, cluster_exclusive, station, effect, description) VALUES ('emp_pulse_landmine', 'EMP Pulse Landmine', 'Deployable', 'hardware', 'Rare', 'sec_grid', 'foundry', 'Stuns all enemies in radius 2 turns + disables equipped items', 'Buried electromagnetic pulse device with proximity detonator');
INSERT INTO alchemy_items (id, name, category, type, rarity, cluster_exclusive, station, effect, description) VALUES ('honeypot_decoy_server', 'Honeypot Decoy Server', 'Deployable', 'software', 'Common', 'any', 'terminal', 'Lures 1 enemy to false position for 2 turns', 'Fake server broadcasting irresistible data signals');
INSERT INTO alchemy_items (id, name, category, type, rarity, cluster_exclusive, station, effect, description) VALUES ('logic_bomb_tripwire', 'Logic Bomb Tripwire', 'Deployable', 'software', 'Uncommon', 'any', 'terminal', 'Triggers massive burst damage on specific enemy action', 'Dormant code that detonates when activation conditions are met');
INSERT INTO alchemy_items (id, name, category, type, rarity, cluster_exclusive, station, effect, description) VALUES ('cryptojacker_leech_node', 'Cryptojacker Leech Node', 'Deployable', 'software', 'Common', 'dyn_swarm', 'terminal', 'Drains 10% enemy energy per turn for 5 turns', 'Parasitic mining process silently siphoning compute resources');
INSERT INTO alchemy_items (id, name, category, type, rarity, cluster_exclusive, station, effect, description) VALUES ('rootkit_persistence_mine', 'Rootkit Persistence Mine', 'Deployable', 'software', 'Uncommon', 'any', 'terminal', 'Applies permanent debuff that persists until cleansed', 'Deep-embedded malware designed to survive reboots and purges');
INSERT INTO alchemy_items (id, name, category, type, rarity, cluster_exclusive, station, effect, description) VALUES ('packet_storm_jammer', 'Packet Storm Jammer', 'Deployable', 'software', 'Rare', 'any', 'terminal', 'Blocks all enemy communication and buff-sharing for 3 turns', 'Floods local network with noise preventing any coordination');

-- RECIPES
INSERT INTO alchemy_recipes (item_id, ingredient_1, ingredient_2, ingredient_3, success_rate, failure_effect, station) VALUES ('plasma_edged_servo_blade', 'tungsten_carbide_filings', 'arc_welder_discharge', 'industrial_flux_paste', 70, 'Minor slag', 'foundry');
INSERT INTO alchemy_recipes (item_id, ingredient_1, ingredient_2, ingredient_3, success_rate, failure_effect, station) VALUES ('railgun_forearm_mount', 'electron_flux_crystals', 'titanium_mesh_strip', 'magnetic_resonance_fluid', 70, 'Minor slag', 'foundry');
INSERT INTO alchemy_recipes (item_id, ingredient_1, ingredient_2, ingredient_3, success_rate, failure_effect, station) VALUES ('pneumatic_piston_fist', 'salvaged_servo_joint', 'hydraulic_compression_pulse', 'industrial_flux_paste', 70, 'Minor slag', 'foundry');
INSERT INTO alchemy_recipes (item_id, ingredient_1, ingredient_2, ingredient_3, success_rate, failure_effect, station) VALUES ('tungsten_fragmentation_launcher', 'tungsten_carbide_filings', 'plasma_server_slag', 'hydraulic_compression_pulse', 60, 'Explosion (15% damage)', 'foundry');
INSERT INTO alchemy_recipes (item_id, ingredient_1, ingredient_2, ingredient_3, success_rate, failure_effect, station) VALUES ('emp_discharge_gauntlet', 'electron_flux_crystals', 'coolant_gel_canister', 'arc_welder_discharge', 70, 'Minor slag', 'foundry');
INSERT INTO alchemy_recipes (item_id, ingredient_1, ingredient_2, ingredient_3, success_rate, failure_effect, station) VALUES ('cryo_bore_drill_lance', 'titanium_mesh_strip', 'coolant_gel_canister', 'magnetic_resonance_fluid', 60, 'Explosion (10% damage)', 'foundry');
INSERT INTO alchemy_recipes (item_id, ingredient_1, ingredient_2, ingredient_3, success_rate, failure_effect, station) VALUES ('nanobot_swarm_ejector', 'nanobot_swarm_gel', 'salvaged_servo_joint', 'magnetic_resonance_fluid', 70, 'Minor slag', 'foundry');
INSERT INTO alchemy_recipes (item_id, ingredient_1, ingredient_2, ingredient_3, success_rate, failure_effect, station) VALUES ('buffer_overflow_exploit', 'binary_code_shards', 'hash_collision_powder', 'memory_leak_elixir', 70, 'Minor slag', 'terminal');
INSERT INTO alchemy_recipes (item_id, ingredient_1, ingredient_2, ingredient_3, success_rate, failure_effect, station) VALUES ('neural_spike_virus', 'gradient_descent_tears', 'payload_injection_droplets', 'backpropagation_serum', 70, 'Minor slag', 'terminal');
INSERT INTO alchemy_recipes (item_id, ingredient_1, ingredient_2, ingredient_3, success_rate, failure_effect, station) VALUES ('ddos_swarm_protocol', 'nanobot_swarm_gel', 'async_await_pulse', 'null_pointer_solvent', 75, 'Minor slag', 'terminal');
INSERT INTO alchemy_recipes (item_id, ingredient_1, ingredient_2, ingredient_3, success_rate, failure_effect, station) VALUES ('zero_day_payload', 'plasma_server_slag', 'checksum_verify_acid', 'jit_compiler_surge', 60, 'Explosion (10% damage)', 'terminal');
INSERT INTO alchemy_recipes (item_id, ingredient_1, ingredient_2, ingredient_3, success_rate, failure_effect, station) VALUES ('quantum_backdoor_exploit', 'quantum_bit_residue', 'api_endpoint_salts', 'overclock_catalyst_spark', 70, 'Minor slag', 'terminal');
INSERT INTO alchemy_recipes (item_id, ingredient_1, ingredient_2, ingredient_3, success_rate, failure_effect, station) VALUES ('sql_injection_payload', 'base64_encoded_slime', 'api_endpoint_salts', 'cache_invalidation_brew', 60, 'Explosion (10% damage)', 'terminal');
INSERT INTO alchemy_recipes (item_id, ingredient_1, ingredient_2, ingredient_3, success_rate, failure_effect, station) VALUES ('ransomware_lockout_worm', 'fiber_optic_threads', 'oauth_token_ichor', 'null_pointer_solvent', 70, 'Minor slag', 'terminal');
INSERT INTO alchemy_recipes (item_id, ingredient_1, ingredient_2, ingredient_3, success_rate, failure_effect, station) VALUES ('tungsten_alloy_chassis_plate', 'tungsten_carbide_filings', 'arc_welder_discharge', 'magnetic_resonance_fluid', 70, 'Minor slag', 'foundry');
INSERT INTO alchemy_recipes (item_id, ingredient_1, ingredient_2, ingredient_3, success_rate, failure_effect, station) VALUES ('faraday_cage_neural_helm', 'fiber_optic_threads', 'electron_flux_crystals', 'industrial_flux_paste', 70, 'Minor slag', 'foundry');
INSERT INTO alchemy_recipes (item_id, ingredient_1, ingredient_2, ingredient_3, success_rate, failure_effect, station) VALUES ('reactive_ceramic_plating', 'silicon_wafer_dust', 'coolant_gel_canister', 'hydraulic_compression_pulse', 70, 'Minor slag', 'foundry');
INSERT INTO alchemy_recipes (item_id, ingredient_1, ingredient_2, ingredient_3, success_rate, failure_effect, station) VALUES ('titanium_mesh_exoskeleton', 'titanium_mesh_strip', 'salvaged_servo_joint', 'industrial_flux_paste', 60, 'Explosion (15% damage)', 'foundry');
INSERT INTO alchemy_recipes (item_id, ingredient_1, ingredient_2, ingredient_3, success_rate, failure_effect, station) VALUES ('cryo_cooled_heat_sink_array', 'coolant_gel_canister', 'electron_flux_crystals', 'magnetic_resonance_fluid', 70, 'Minor slag', 'foundry');
INSERT INTO alchemy_recipes (item_id, ingredient_1, ingredient_2, ingredient_3, success_rate, failure_effect, station) VALUES ('salvaged_siege_chassis', 'nanobot_swarm_gel', 'tungsten_carbide_filings', 'hydraulic_compression_pulse', 60, 'Explosion (10% damage)', 'foundry');
INSERT INTO alchemy_recipes (item_id, ingredient_1, ingredient_2, ingredient_3, success_rate, failure_effect, station) VALUES ('aes_256_firewall_protocol', 'silicon_wafer_dust', 'regex_pattern_filaments', 'garbage_collector_tonic', 70, 'Minor slag', 'terminal');
INSERT INTO alchemy_recipes (item_id, ingredient_1, ingredient_2, ingredient_3, success_rate, failure_effect, station) VALUES ('homomorphic_encryption_cloak', 'quantum_bit_residue', 'attention_mechanism_dew', 'virtual_machine_emulsion', 60, 'Explosion (10% damage)', 'terminal');
INSERT INTO alchemy_recipes (item_id, ingredient_1, ingredient_2, ingredient_3, success_rate, failure_effect, station) VALUES ('zero_trust_authentication_layer', 'base64_encoded_slime', 'oauth_token_ichor', 'docker_image_distillate', 70, 'Minor slag', 'terminal');
INSERT INTO alchemy_recipes (item_id, ingredient_1, ingredient_2, ingredient_3, success_rate, failure_effect, station) VALUES ('tensorguard_neural_shield', 'epoch_cycle_blood', 'tensorflow_igniter', 'cache_invalidation_brew', 70, 'Minor slag', 'terminal');
INSERT INTO alchemy_recipes (item_id, ingredient_1, ingredient_2, ingredient_3, success_rate, failure_effect, station) VALUES ('sandbox_isolation_runtime', 'nanobot_swarm_gel', 'payload_injection_droplets', 'docker_image_distillate', 60, 'Explosion (10% damage)', 'terminal');
INSERT INTO alchemy_recipes (item_id, ingredient_1, ingredient_2, ingredient_3, success_rate, failure_effect, station) VALUES ('rate_limiting_throttle_daemon', 'fiber_optic_threads', 'hash_collision_powder', 'async_await_pulse', 70, 'Minor slag', 'terminal');
INSERT INTO alchemy_recipes (item_id, ingredient_1, ingredient_2, ingredient_3, success_rate, failure_effect, station) VALUES ('coolant_flush_cartridge', 'coolant_gel_canister', 'overclock_catalyst_spark', 'industrial_flux_paste', 70, 'Minor slag', 'foundry');
INSERT INTO alchemy_recipes (item_id, ingredient_1, ingredient_2, ingredient_3, success_rate, failure_effect, station) VALUES ('emergency_servo_lubricant', 'salvaged_servo_joint', 'gpu_render_flame', 'magnetic_resonance_fluid', 70, 'Minor slag', 'foundry');
INSERT INTO alchemy_recipes (item_id, ingredient_1, ingredient_2, ingredient_3, success_rate, failure_effect, station) VALUES ('welding_patch_kit', 'silicon_wafer_dust', 'arc_welder_discharge', 'industrial_flux_paste', 70, 'Minor slag', 'foundry');
INSERT INTO alchemy_recipes (item_id, ingredient_1, ingredient_2, ingredient_3, success_rate, failure_effect, station) VALUES ('overclock_reactor_injector', 'electron_flux_crystals', 'plasma_server_slag', 'arc_welder_discharge', 70, 'Minor slag', 'foundry');
INSERT INTO alchemy_recipes (item_id, ingredient_1, ingredient_2, ingredient_3, success_rate, failure_effect, station) VALUES ('emp_hardening_capsule', 'fiber_optic_threads', 'titanium_mesh_strip', 'magnetic_resonance_fluid', 70, 'Minor slag', 'foundry');
INSERT INTO alchemy_recipes (item_id, ingredient_1, ingredient_2, ingredient_3, success_rate, failure_effect, station) VALUES ('salvage_reclamation_drone', 'nanobot_swarm_gel', 'salvaged_servo_joint', 'hydraulic_compression_pulse', 60, 'Explosion (15% damage)', 'foundry');
INSERT INTO alchemy_recipes (item_id, ingredient_1, ingredient_2, ingredient_3, success_rate, failure_effect, station) VALUES ('debug_rejuvenation_patch', 'backpropagation_serum', 'checksum_verify_acid', 'garbage_collector_tonic', 70, 'Minor slag', 'terminal');
INSERT INTO alchemy_recipes (item_id, ingredient_1, ingredient_2, ingredient_3, success_rate, failure_effect, station) VALUES ('caffeine_gradient_booster', 'loss_function_sap', 'cuda_kernel_ember', 'memory_leak_elixir', 70, 'Minor slag', 'terminal');
INSERT INTO alchemy_recipes (item_id, ingredient_1, ingredient_2, ingredient_3, success_rate, failure_effect, station) VALUES ('cache_purge_tonic', 'gradient_descent_tears', 'cache_invalidation_brew', 'null_pointer_solvent', 70, 'Minor slag', 'terminal');
INSERT INTO alchemy_recipes (item_id, ingredient_1, ingredient_2, ingredient_3, success_rate, failure_effect, station) VALUES ('hot_patch_injection', 'binary_code_shards', 'api_endpoint_salts', 'garbage_collector_tonic', 70, 'Minor slag', 'terminal');
INSERT INTO alchemy_recipes (item_id, ingredient_1, ingredient_2, ingredient_3, success_rate, failure_effect, station) VALUES ('context_window_expansion', 'token_embedding_vapor', 'attention_mechanism_dew', 'virtual_machine_emulsion', 70, 'Minor slag', 'terminal');
INSERT INTO alchemy_recipes (item_id, ingredient_1, ingredient_2, ingredient_3, success_rate, failure_effect, station) VALUES ('hyperparameter_tuning_shot', 'epoch_cycle_blood', 'pytorch_flux_core', 'halting_problem_paradox', 55, 'Explosion (15% damage)', 'terminal');
INSERT INTO alchemy_recipes (item_id, ingredient_1, ingredient_2, ingredient_3, success_rate, failure_effect, station) VALUES ('stable_diffusion_sequence', 'latent_space_fog', 'token_embedding_vapor', 'pytorch_flux_core', 70, 'Minor slag', 'terminal');
INSERT INTO alchemy_recipes (item_id, ingredient_1, ingredient_2, ingredient_3, success_rate, failure_effect, station) VALUES ('gan_mirage_scroll', 'latent_space_fog', 'gpu_render_flame', 'overclock_catalyst_spark', 60, 'Explosion (10% damage)', 'terminal');
INSERT INTO alchemy_recipes (item_id, ingredient_1, ingredient_2, ingredient_3, success_rate, failure_effect, station) VALUES ('transformer_attention_ritual', 'attention_mechanism_dew', 'epoch_cycle_blood', 'tensorflow_igniter', 60, 'Explosion (10% damage)', 'terminal');
INSERT INTO alchemy_recipes (item_id, ingredient_1, ingredient_2, ingredient_3, success_rate, failure_effect, station) VALUES ('reinforcement_learning_prophecy', 'gradient_descent_tears', 'loss_function_sap', 'tensorflow_igniter', 60, 'Explosion (10% damage)', 'terminal');
INSERT INTO alchemy_recipes (item_id, ingredient_1, ingredient_2, ingredient_3, success_rate, failure_effect, station) VALUES ('bayesian_inference_divination', 'attention_mechanism_dew', 'checksum_verify_acid', 'virtual_machine_emulsion', 70, 'Minor slag', 'terminal');
INSERT INTO alchemy_recipes (item_id, ingredient_1, ingredient_2, ingredient_3, success_rate, failure_effect, station) VALUES ('genetic_algorithm_evolution', 'halting_problem_paradox', 'nanobot_swarm_gel', 'pytorch_flux_core', 55, 'Explosion (20% damage)', 'terminal');
INSERT INTO alchemy_recipes (item_id, ingredient_1, ingredient_2, ingredient_3, success_rate, failure_effect, station) VALUES ('prompt_engineering_curse', 'token_embedding_vapor', 'hash_collision_powder', 'lambda_calculus_vapor', 55, 'Explosion (15% damage)', 'terminal');
INSERT INTO alchemy_recipes (item_id, ingredient_1, ingredient_2, ingredient_3, success_rate, failure_effect, station) VALUES ('recursive_function_spiral', 'loss_function_sap', 'cuda_kernel_ember', 'null_pointer_solvent', 70, 'Minor slag', 'terminal');
INSERT INTO alchemy_recipes (item_id, ingredient_1, ingredient_2, ingredient_3, success_rate, failure_effect, station) VALUES ('monte_carlo_simulation_rune', 'latent_space_fog', 'regex_pattern_filaments', 'kubernetes_pod_nectar', 60, 'Explosion (10% damage)', 'terminal');
INSERT INTO alchemy_recipes (item_id, ingredient_1, ingredient_2, ingredient_3, success_rate, failure_effect, station) VALUES ('gradient_vanishing_hex', 'gradient_descent_tears', 'backpropagation_serum', 'memory_leak_elixir', 70, 'Minor slag', 'terminal');
INSERT INTO alchemy_recipes (item_id, ingredient_1, ingredient_2, ingredient_3, success_rate, failure_effect, station) VALUES ('alphago_neural_core', 'alpha_zero_primal_seed', 'quantum_bit_residue', 'magnetic_resonance_fluid', 45, 'Catastrophic explosion (50% damage)', 'foundry');
INSERT INTO alchemy_recipes (item_id, ingredient_1, ingredient_2, ingredient_3, success_rate, failure_effect, station) VALUES ('quantum_annealer_processor', 'kolmogorov_complexity_crystal', 'quantum_bit_residue', 'cuda_kernel_ember', 40, 'Catastrophic explosion (50% damage)', 'foundry');
INSERT INTO alchemy_recipes (item_id, ingredient_1, ingredient_2, ingredient_3, success_rate, failure_effect, station) VALUES ('von_neumann_self_replicator', 'von_neumann_probe_spores', 'nanobot_swarm_gel', 'hydraulic_compression_pulse', 45, 'Catastrophic explosion (50% damage)', 'foundry');
INSERT INTO alchemy_recipes (item_id, ingredient_1, ingredient_2, ingredient_3, success_rate, failure_effect, station) VALUES ('satoshi_genesis_block_signet', 'kolmogorov_complexity_crystal', 'binary_code_shards', 'industrial_flux_paste', 45, 'Catastrophic explosion (50% damage)', 'foundry');
INSERT INTO alchemy_recipes (item_id, ingredient_1, ingredient_2, ingredient_3, success_rate, failure_effect, station) VALUES ('gpt_oracle_crystal', 'token_embedding_vapor', 'lambda_calculus_vapor', 'turing_machine_essence', 40, 'Catastrophic explosion (50% damage)', 'terminal');
INSERT INTO alchemy_recipes (item_id, ingredient_1, ingredient_2, ingredient_3, success_rate, failure_effect, station) VALUES ('blockchain_soulbound_key', 'binary_code_shards', 'von_neumann_probe_spores', 'kubernetes_pod_nectar', 45, 'Catastrophic explosion (50% damage)', 'terminal');
INSERT INTO alchemy_recipes (item_id, ingredient_1, ingredient_2, ingredient_3, success_rate, failure_effect, station) VALUES ('federated_learning_nexus', 'gradient_descent_tears', 'kubernetes_pod_nectar', 'church_turing_thesis_core', 40, 'Catastrophic explosion (50% damage)', 'terminal');
INSERT INTO alchemy_recipes (item_id, ingredient_1, ingredient_2, ingredient_3, success_rate, failure_effect, station) VALUES ('rust_borrow_checker_amulet', 'silicon_wafer_dust', 'halting_problem_paradox', 'garbage_collector_tonic', 40, 'Catastrophic explosion (50% damage)', 'terminal');
INSERT INTO alchemy_recipes (item_id, ingredient_1, ingredient_2, ingredient_3, success_rate, failure_effect, station) VALUES ('hugging_face_model_repository', 'token_embedding_vapor', 'docker_image_distillate', 'lambda_calculus_vapor', 45, 'Catastrophic explosion (50% damage)', 'terminal');
INSERT INTO alchemy_recipes (item_id, ingredient_1, ingredient_2, ingredient_3, success_rate, failure_effect, station) VALUES ('dijkstra_shortest_path_compass', 'church_turing_thesis_core', 'attention_mechanism_dew', 'async_await_pulse', 40, 'Catastrophic explosion (50% damage)', 'terminal');
INSERT INTO alchemy_recipes (item_id, ingredient_1, ingredient_2, ingredient_3, success_rate, failure_effect, station) VALUES ('diagnostic_probe_array', 'silicon_wafer_dust', 'electron_flux_crystals', 'industrial_flux_paste', 70, 'Minor slag', 'foundry');
INSERT INTO alchemy_recipes (item_id, ingredient_1, ingredient_2, ingredient_3, success_rate, failure_effect, station) VALUES ('soldering_gauntlet', 'tungsten_carbide_filings', 'salvaged_servo_joint', 'arc_welder_discharge', 70, 'Minor slag', 'foundry');
INSERT INTO alchemy_recipes (item_id, ingredient_1, ingredient_2, ingredient_3, success_rate, failure_effect, station) VALUES ('salvage_extraction_claw', 'titanium_mesh_strip', 'hydraulic_compression_pulse', 'industrial_flux_paste', 70, 'Minor slag', 'foundry');
INSERT INTO alchemy_recipes (item_id, ingredient_1, ingredient_2, ingredient_3, success_rate, failure_effect, station) VALUES ('portable_foundry_anvil', 'plasma_server_slag', 'tungsten_carbide_filings', 'arc_welder_discharge', 60, 'Explosion (15% damage)', 'foundry');
INSERT INTO alchemy_recipes (item_id, ingredient_1, ingredient_2, ingredient_3, success_rate, failure_effect, station) VALUES ('hydraulic_jack_lifter', 'salvaged_servo_joint', 'coolant_gel_canister', 'hydraulic_compression_pulse', 70, 'Minor slag', 'foundry');
INSERT INTO alchemy_recipes (item_id, ingredient_1, ingredient_2, ingredient_3, success_rate, failure_effect, station) VALUES ('arc_welder_repair_rig', 'electron_flux_crystals', 'tungsten_carbide_filings', 'magnetic_resonance_fluid', 70, 'Minor slag', 'foundry');
INSERT INTO alchemy_recipes (item_id, ingredient_1, ingredient_2, ingredient_3, success_rate, failure_effect, station) VALUES ('git_rollback_module', 'binary_code_shards', 'fiber_optic_threads', 'cache_invalidation_brew', 70, 'Minor slag', 'terminal');
INSERT INTO alchemy_recipes (item_id, ingredient_1, ingredient_2, ingredient_3, success_rate, failure_effect, station) VALUES ('docker_containerizer', 'docker_image_distillate', 'nanobot_swarm_gel', 'virtual_machine_emulsion', 70, 'Minor slag', 'terminal');
INSERT INTO alchemy_recipes (item_id, ingredient_1, ingredient_2, ingredient_3, success_rate, failure_effect, station) VALUES ('kubernetes_orchestrator', 'kubernetes_pod_nectar', 'plasma_server_slag', 'async_await_pulse', 60, 'Explosion (10% damage)', 'terminal');
INSERT INTO alchemy_recipes (item_id, ingredient_1, ingredient_2, ingredient_3, success_rate, failure_effect, station) VALUES ('wireshark_packet_sniffer', 'fiber_optic_threads', 'api_endpoint_salts', 'regex_pattern_filaments', 70, 'Minor slag', 'terminal');
INSERT INTO alchemy_recipes (item_id, ingredient_1, ingredient_2, ingredient_3, success_rate, failure_effect, station) VALUES ('nmap_reconnaissance_scanner', 'fiber_optic_threads', 'regex_pattern_filaments', 'virtual_machine_emulsion', 70, 'Minor slag', 'terminal');
INSERT INTO alchemy_recipes (item_id, ingredient_1, ingredient_2, ingredient_3, success_rate, failure_effect, station) VALUES ('vim_reality_editor', 'base64_encoded_slime', 'hash_collision_powder', 'null_pointer_solvent', 60, 'Explosion (15% damage)', 'terminal');
INSERT INTO alchemy_recipes (item_id, ingredient_1, ingredient_2, ingredient_3, success_rate, failure_effect, station) VALUES ('proximity_mine_cluster', 'electron_flux_crystals', 'arc_welder_discharge', 'industrial_flux_paste', 70, 'Minor slag', 'foundry');
INSERT INTO alchemy_recipes (item_id, ingredient_1, ingredient_2, ingredient_3, success_rate, failure_effect, station) VALUES ('razor_wire_entanglement_rig', 'fiber_optic_threads', 'tungsten_carbide_filings', 'industrial_flux_paste', 70, 'Minor slag', 'foundry');
INSERT INTO alchemy_recipes (item_id, ingredient_1, ingredient_2, ingredient_3, success_rate, failure_effect, station) VALUES ('turret_drone_sentry', 'titanium_mesh_strip', 'salvaged_servo_joint', 'arc_welder_discharge', 70, 'Minor slag', 'foundry');
INSERT INTO alchemy_recipes (item_id, ingredient_1, ingredient_2, ingredient_3, success_rate, failure_effect, station) VALUES ('magnetic_tether_trap', 'electron_flux_crystals', 'titanium_mesh_strip', 'hydraulic_compression_pulse', 70, 'Minor slag', 'foundry');
INSERT INTO alchemy_recipes (item_id, ingredient_1, ingredient_2, ingredient_3, success_rate, failure_effect, station) VALUES ('emp_pulse_landmine', 'quantum_bit_residue', 'plasma_server_slag', 'magnetic_resonance_fluid', 60, 'Explosion (15% damage)', 'foundry');
INSERT INTO alchemy_recipes (item_id, ingredient_1, ingredient_2, ingredient_3, success_rate, failure_effect, station) VALUES ('honeypot_decoy_server', 'binary_code_shards', 'api_endpoint_salts', 'docker_image_distillate', 70, 'Minor slag', 'terminal');
INSERT INTO alchemy_recipes (item_id, ingredient_1, ingredient_2, ingredient_3, success_rate, failure_effect, station) VALUES ('logic_bomb_tripwire', 'binary_code_shards', 'payload_injection_droplets', 'async_await_pulse', 70, 'Minor slag', 'terminal');
INSERT INTO alchemy_recipes (item_id, ingredient_1, ingredient_2, ingredient_3, success_rate, failure_effect, station) VALUES ('cryptojacker_leech_node', 'electron_flux_crystals', 'gpu_render_flame', 'memory_leak_elixir', 70, 'Minor slag', 'terminal');
INSERT INTO alchemy_recipes (item_id, ingredient_1, ingredient_2, ingredient_3, success_rate, failure_effect, station) VALUES ('rootkit_persistence_mine', 'base64_encoded_slime', 'oauth_token_ichor', 'garbage_collector_tonic', 70, 'Minor slag', 'terminal');
INSERT INTO alchemy_recipes (item_id, ingredient_1, ingredient_2, ingredient_3, success_rate, failure_effect, station) VALUES ('packet_storm_jammer', 'quantum_bit_residue', 'regex_pattern_filaments', 'jit_compiler_surge', 60, 'Explosion (10% damage)', 'terminal');